Sub Region;Country;Drug;Year;Wholesale Price;Retail Price
Western and Central Europe;Austria;Cocaine;1990;66 000;198,00
Western and Central Europe;Austria;Cocaine;1991;66 000;180,00
Western and Central Europe;Austria;Cocaine;1992;54 000;167,00
Western and Central Europe;Austria;Cocaine;1993;40 000;120,00
Western and Central Europe;Austria;Cocaine;1994;41 946;126,00
Western and Central Europe;Austria;Cocaine;1995;52 084;156,00
Western and Central Europe;Austria;Cocaine;1996;45 875;138,00
Western and Central Europe;Austria;Cocaine;1997;56 723;118,00
Western and Central Europe;Austria;Cocaine;1998;54 440;113,00
Western and Central Europe;Austria;Cocaine;1999;38 859;93,00
Western and Central Europe;Austria;Cocaine;2000;47 094;94,00
Western and Central Europe;Austria;Cocaine;2001;43 995;78,00
Western and Central Europe;Austria;Cocaine;2002;42 385;71,00
Western and Central Europe;Austria;Cocaine;2003;59 300;90,00
Western and Central Europe;Austria;Cocaine;2004;55 894;103,00
Western and Central Europe;Austria;Cocaine;2005;59 757;101,00
Western and Central Europe;Austria;Cocaine;2006;50 185;78,00
Western and Central Europe;Austria;Cocaine;2007;61 661;99,00
Western and Central Europe;Austria;Cocaine;2008;66 176;110,00
Western and Central Europe;Austria;Cocaine;2009;48 668;97,00
Western and Central Europe;Austria;Cocaine;2010;52 989;97,00
Western and Central Europe;Austria;Cocaine;2011;62 823;103,00
Western and Central Europe;Austria;Cocaine;2012;51 546;103,00
Western and Central Europe;Austria;Cocaine;2013;73 351;100,00
Western and Central Europe;Austria;Cocaine;2014;65 797;132,00
Western and Central Europe;Austria;Cocaine;2015;54 705;109,00
Western and Central Europe;Austria;Cocaine;2016;58 140;111,00
Western and Central Europe;Austria;Cocaine;2017;58 923;111,00
Western and Central Europe;Austria;Cocaine;2018;58 923;111,00
Western and Central Europe;Austria;Cocaine;2019;58 923;111,00
Western and Central Europe;Austria;Cocaine;2020;61 503;119,59
Western and Central Europe;Austria;Heroin;1990;55 244;270,00
Western and Central Europe;Austria;Heroin;1991;46 145;250,00
Western and Central Europe;Austria;Heroin;1992;63 000;203,00
Western and Central Europe;Austria;Heroin;1993;36 000;132,00
Western and Central Europe;Austria;Heroin;1994;37 752;138,00
Western and Central Europe;Austria;Heroin;1995;30 491;103,00
Western and Central Europe;Austria;Heroin;1996;30 222;87,00
Western and Central Europe;Austria;Heroin;1997;28 831;70,00
Western and Central Europe;Austria;Heroin;1998;34 565;94,00
Western and Central Europe;Austria;Heroin;1999;31 087;57,00
Western and Central Europe;Austria;Heroin;2000;25 026;75,00
Western and Central Europe;Austria;Heroin;2001;19 553;44,00
Western and Central Europe;Austria;Heroin;2002;23 547;92,00
Western and Central Europe;Austria;Heroin;2003;33 900;68,00
Western and Central Europe;Austria;Heroin;2004;37 260;75,00
Western and Central Europe;Austria;Heroin;2005;36 168;74,00
Western and Central Europe;Austria;Heroin;2006;37 640;69,00
Western and Central Europe;Austria;Heroin;2007;54 810;99,00
Western and Central Europe;Austria;Heroin;2008;58 824;110,00
Western and Central Europe;Austria;Heroin;2009;41 715;97,00
Western and Central Europe;Austria;Heroin;2010;39 741;93,00
Western and Central Europe;Austria;Heroin;2011;41 882;98,00
Western and Central Europe;Austria;Heroin;2012;30 928;64,00
Western and Central Europe;Austria;Heroin;2013;40 010;80,00
Western and Central Europe;Austria;Heroin;2014;32 899;53,00
Western and Central Europe;Austria;Heroin;2015;27 352;44,00
Western and Central Europe;Austria;Heroin;2016;27 685;66,00
Western and Central Europe;Austria;Heroin;2017;32 580;65,00
Western and Central Europe;Austria;Heroin;2018;37 476;71,00
Western and Central Europe;Austria;Heroin;2019;42 371;71,00
Western and Central Europe;Austria;Heroin;2020;47 267;68,34
Western and Central Europe;Belgium;Cocaine;1990;25 000;80,00
Western and Central Europe;Belgium;Cocaine;1991;24 000;90,00
Western and Central Europe;Belgium;Cocaine;1992;38 250;68,00
Western and Central Europe;Belgium;Cocaine;1993;28 000;95,00
Western and Central Europe;Belgium;Cocaine;1994;26 920;82,00
Western and Central Europe;Belgium;Cocaine;1995;30 560;93,00
Western and Central Europe;Belgium;Cocaine;1996;21 927;90,00
Western and Central Europe;Belgium;Cocaine;1997;17 025;57,00
Western and Central Europe;Belgium;Cocaine;1998;19 167;55,00
Western and Central Europe;Belgium;Cocaine;1999;23 859;60,00
Western and Central Europe;Belgium;Cocaine;2000;22 376;55,00
Western and Central Europe;Belgium;Cocaine;2001;26 771;51,00
Western and Central Europe;Belgium;Cocaine;2002;28 111;50,00
Western and Central Europe;Belgium;Cocaine;2003;29 610;51,00
Western and Central Europe;Belgium;Cocaine;2004;32 480;51,00
Western and Central Europe;Belgium;Cocaine;2005;32 480;51,00
Western and Central Europe;Belgium;Cocaine;2006;32 480;60,00
Western and Central Europe;Belgium;Cocaine;2007;47 958;67,00
Western and Central Europe;Belgium;Cocaine;2008;53 757;72,00
Western and Central Europe;Belgium;Cocaine;2009;46 675;71,00
Western and Central Europe;Belgium;Cocaine;2010;46 365;67,00
Western and Central Europe;Belgium;Cocaine;2011;46 594;75,00
Western and Central Europe;Belgium;Cocaine;2012;48 722;73,00
Western and Central Europe;Belgium;Cocaine;2013;44 011;68,00
Western and Central Europe;Belgium;Cocaine;2014;41 501;75,89
Western and Central Europe;Belgium;Cocaine;2015;31 798;59,00
Western and Central Europe;Belgium;Cocaine;2016;29 777;67,00
Western and Central Europe;Belgium;Cocaine;2017;32 155;65,00
Western and Central Europe;Belgium;Cocaine;2018;31 609;66,00
Western and Central Europe;Belgium;Cocaine;2019;32 351;57,00
Western and Central Europe;Belgium;Cocaine;2020;33 030;59,52
Western and Central Europe;Belgium;Heroin;1990;30 000;90,00
Western and Central Europe;Belgium;Heroin;1991;30 000;105,00
Western and Central Europe;Belgium;Heroin;1992;28 500;105,00
Western and Central Europe;Belgium;Heroin;1993;26 600;77,00
Western and Central Europe;Belgium;Heroin;1994;29 586;75,00
Western and Central Europe;Belgium;Heroin;1995;32 580;75,00
Western and Central Europe;Belgium;Heroin;1996;24 307;56,00
Western and Central Europe;Belgium;Heroin;1997;21 761;37,00
Western and Central Europe;Belgium;Heroin;1998;20 847;41,00
Western and Central Europe;Belgium;Heroin;1999;18 557;41,00
Western and Central Europe;Belgium;Heroin;2000;18 360;37,00
Western and Central Europe;Belgium;Heroin;2001;20 292;27,00
Western and Central Europe;Belgium;Heroin;2002;22 229;29,00
Western and Central Europe;Belgium;Heroin;2003;20 960;31,00
Western and Central Europe;Belgium;Heroin;2004;23 040;32,00
Western and Central Europe;Belgium;Heroin;2005;23 336;31,00
Western and Central Europe;Belgium;Heroin;2006;18 820;32,00
Western and Central Europe;Belgium;Heroin;2007;20 554;33,00
Western and Central Europe;Belgium;Heroin;2008;14 706;36,00
Western and Central Europe;Belgium;Heroin;2009;15 991;33,00
Western and Central Europe;Belgium;Heroin;2010;15 102;32,00
Western and Central Europe;Belgium;Heroin;2011;10 720;42,00
Western and Central Europe;Belgium;Heroin;2012;20 619;36,00
Western and Central Europe;Belgium;Heroin;2013;18 338;37,00
Western and Central Europe;Belgium;Heroin;2014;17 519;33,00
Western and Central Europe;Belgium;Heroin;2015;17 505;24,00
Western and Central Europe;Belgium;Heroin;2016;26 578;26,00
Western and Central Europe;Belgium;Heroin;2017;22 639;29,00
Western and Central Europe;Belgium;Heroin;2018;18 699;23,00
Western and Central Europe;Belgium;Heroin;2019;14 760;23,00
Western and Central Europe;Belgium;Heroin;2020;10 820;21,07
Western and Central Europe;Denmark;Cocaine;1990;80 000;144,00
Western and Central Europe;Denmark;Cocaine;1991;85 000;135,00
Western and Central Europe;Denmark;Cocaine;1992;85 000;111,00
Western and Central Europe;Denmark;Cocaine;1993;82 500;90,00
Western and Central Europe;Denmark;Cocaine;1994;58 516;150,00
Western and Central Europe;Denmark;Cocaine;1995;60 034;176,00
Western and Central Europe;Denmark;Cocaine;1996;46 141;169,00
Western and Central Europe;Denmark;Cocaine;1997;38 640;108,00
Western and Central Europe;Denmark;Cocaine;1998;44 517;119,00
Western and Central Europe;Denmark;Cocaine;1999;78 900;165,00
Western and Central Europe;Denmark;Cocaine;2000;43 462;106,00
Western and Central Europe;Denmark;Cocaine;2001;47 839;120,00
Western and Central Europe;Denmark;Cocaine;2002;37 823;91,00
Western and Central Europe;Denmark;Cocaine;2003;53 160;122,00
Western and Central Europe;Denmark;Cocaine;2004;45 896;82,00
Western and Central Europe;Denmark;Cocaine;2005;50 321;82,00
Western and Central Europe;Denmark;Cocaine;2006;40 520;81,00
Western and Central Europe;Denmark;Cocaine;2007;40 445;74,00
Western and Central Europe;Denmark;Cocaine;2008;43 447;99,00
Western and Central Europe;Denmark;Cocaine;2009;40 730;93,00
Western and Central Europe;Denmark;Cocaine;2010;44 501;89,00
Western and Central Europe;Denmark;Cocaine;2011;47 083;94,00
Western and Central Europe;Denmark;Cocaine;2012;43 286;87,00
Western and Central Europe;Denmark;Cocaine;2013;44 395;92,00
Western and Central Europe;Denmark;Cocaine;2014;49 140;103,00
Western and Central Europe;Denmark;Cocaine;2015;29 326;73,00
Western and Central Europe;Denmark;Cocaine;2016;29 740;74,00
Western and Central Europe;Denmark;Cocaine;2017;45 263;74,00
Western and Central Europe;Denmark;Cocaine;2018;39 626;95,00
Western and Central Europe;Denmark;Cocaine;2019;37 493;105,00
Western and Central Europe;Denmark;Cocaine;2020;37 493;105,00
Western and Central Europe;Denmark;Heroin;1990;110 000;287,00
Western and Central Europe;Denmark;Heroin;1991;100 000;265,00
Western and Central Europe;Denmark;Heroin;1992;85 000;151,00
Western and Central Europe;Denmark;Heroin;1993;95 000;139,00
Western and Central Europe;Denmark;Heroin;1994;117 625;228,00
Western and Central Europe;Denmark;Heroin;1995;106 805;191,00
Western and Central Europe;Denmark;Heroin;1996;86 806;157,00
Western and Central Europe;Denmark;Heroin;1997;100 465;188,00
Western and Central Europe;Denmark;Heroin;1998;65 693;147,00
Western and Central Europe;Denmark;Heroin;1999;61 507;175,00
Western and Central Europe;Denmark;Heroin;2000;23 585;116,00
Western and Central Europe;Denmark;Heroin;2001;32 889;111,00
Western and Central Europe;Denmark;Heroin;2002;20 803;126,00
Western and Central Europe;Denmark;Heroin;2003;41 770;122,00
Western and Central Europe;Denmark;Heroin;2004;32 820;94,00
Western and Central Europe;Denmark;Heroin;2005;37 741;123,00
Western and Central Europe;Denmark;Heroin;2006;35 967;100,00
Western and Central Europe;Denmark;Heroin;2007;33 091;92,00
Western and Central Europe;Denmark;Heroin;2008;52 335;158,00
Western and Central Europe;Denmark;Heroin;2009;49 066;148,00
Western and Central Europe;Denmark;Heroin;2010;48 952;151,00
Western and Central Europe;Denmark;Heroin;2011;51 791;160,00
Western and Central Europe;Denmark;Heroin;2012;47 614;147,00
Western and Central Europe;Denmark;Heroin;2013;64 743;148,00
Western and Central Europe;Denmark;Heroin;2014;40 950;139,00
Western and Central Europe;Denmark;Heroin;2015;47 654;103,00
Western and Central Europe;Denmark;Heroin;2016;44 610;104,00
Western and Central Europe;Denmark;Heroin;2017;45 263;106,00
Western and Central Europe;Denmark;Heroin;2018;51 514;135,00
Western and Central Europe;Denmark;Heroin;2019;37 493;90,00
Western and Central Europe;Denmark;Heroin;2020;37 493;90,00
Western and Central Europe;Finland;Cocaine;1990;79 500;159,00
Western and Central Europe;Finland;Cocaine;1991;75 000;150,00
Western and Central Europe;Finland;Cocaine;1992;62 750;126,00
Western and Central Europe;Finland;Cocaine;1993;52 500;105,00
Western and Central Europe;Finland;Cocaine;1994;82 500;165,00
Western and Central Europe;Finland;Cocaine;1995;95 450;191,00
Western and Central Europe;Finland;Cocaine;1996;91 750;184,00
Western and Central Europe;Finland;Cocaine;1997;61 550;123,00
Western and Central Europe;Finland;Cocaine;1998;89 350;179,00
Western and Central Europe;Finland;Cocaine;1999;78 460;157,00
Western and Central Europe;Finland;Cocaine;2000;68 321;138,00
Western and Central Europe;Finland;Cocaine;2001;59 492;121,00
Western and Central Europe;Finland;Cocaine;2002;51 804;111,00
Western and Central Europe;Finland;Cocaine;2003;62 150;151,00
Western and Central Europe;Finland;Cocaine;2004;68 315;146,00
Western and Central Europe;Finland;Cocaine;2005;68 315;125,00
Western and Central Europe;Finland;Cocaine;2006;56 611;100,00
Western and Central Europe;Finland;Cocaine;2007;61 660;110,00
Western and Central Europe;Finland;Cocaine;2008;66 176;154,00
Western and Central Europe;Finland;Cocaine;2009;62 573;139,00
Western and Central Europe;Finland;Cocaine;2010;59 612;106,00
Western and Central Europe;Finland;Cocaine;2011;97 724;112,00
Western and Central Europe;Finland;Cocaine;2012;90 206;103,00
Western and Central Europe;Finland;Cocaine;2013;130 032;107,00
Western and Central Europe;Finland;Cocaine;2014;128 305;145,00
Western and Central Europe;Finland;Cocaine;2015;95 733;126,00
Western and Central Europe;Finland;Cocaine;2016;77 519;111,00
Western and Central Europe;Finland;Cocaine;2017;78 563;112,00
Western and Central Europe;Finland;Cocaine;2018;94 451;118,00
Western and Central Europe;Finland;Cocaine;2019;89 586;112,00
Western and Central Europe;Finland;Cocaine;2020;96 811;125,28
Western and Central Europe;Finland;Heroin;1990;353 774;800,00
Western and Central Europe;Finland;Heroin;1991;353 774;696,00
Western and Central Europe;Finland;Heroin;1992;353 774;770,00
Western and Central Europe;Finland;Heroin;1993;353 774;724,00
Western and Central Europe;Finland;Heroin;1994;353 774;606,00
Western and Central Europe;Finland;Heroin;1995;353 774;455,00
Western and Central Europe;Finland;Heroin;1996;321 586;414,00
Western and Central Europe;Finland;Heroin;1997;199 442;257,00
Western and Central Europe;Finland;Heroin;1998;197 856;254,00
Western and Central Europe;Finland;Heroin;1999;194 357;250,00
Western and Central Europe;Finland;Heroin;2000;161 034;207,00
Western and Central Europe;Finland;Heroin;2001;44 840;121,00
Western and Central Europe;Finland;Heroin;2002;51 804;188,00
Western and Central Europe;Finland;Heroin;2003;51 800;195,00
Western and Central Europe;Finland;Heroin;2004;68 314;195,00
Western and Central Europe;Finland;Heroin;2005;69 192;182,00
Western and Central Europe;Finland;Heroin;2006;69 192;125,00
Western and Central Europe;Finland;Heroin;2007;54 810;151,00
Western and Central Europe;Finland;Heroin;2008;58 824;235,00
Western and Central Europe;Finland;Heroin;2009;58 824;223,00
Western and Central Europe;Finland;Heroin;2010;52 989;159,00
Western and Central Europe;Finland;Heroin;2011;55 843;168,00
Western and Central Europe;Finland;Heroin;2012;51 546;155,00
Western and Central Europe;Finland;Heroin;2013;53 346;160,00
Western and Central Europe;Finland;Heroin;2014;53 346;185,00
Western and Central Europe;Finland;Heroin;2015;53 346;164,00
Western and Central Europe;Finland;Heroin;2016;53 346;166,00
Western and Central Europe;Finland;Heroin;2017;53 346;168,00
Western and Central Europe;Finland;Heroin;2018;53 346;177,00
Western and Central Europe;Finland;Heroin;2019;53 346;177,00
Western and Central Europe;Finland;Heroin;2020;53 346;199,09
Western and Central Europe;France;Cocaine;1990;117 000;99,00
Western and Central Europe;France;Cocaine;1991;38 250;119,00
Western and Central Europe;France;Cocaine;1992;45 000;140,00
Western and Central Europe;France;Cocaine;1993;38 250;153,00
Western and Central Europe;France;Cocaine;1994;40 000;151,00
Western and Central Europe;France;Cocaine;1995;39 877;174,00
Western and Central Europe;France;Cocaine;1996;48 077;125,00
Western and Central Europe;France;Cocaine;1997;43 554;87,00
Western and Central Europe;France;Cocaine;1998;42 159;84,00
Western and Central Europe;France;Cocaine;1999;27 714;82,00
Western and Central Europe;France;Cocaine;2000;27 000;50,00
Western and Central Europe;France;Cocaine;2001;34 978;87,00
Western and Central Europe;France;Cocaine;2002;37 676;75,00
Western and Central Europe;France;Cocaine;2003;45 200;90,00
Western and Central Europe;France;Cocaine;2004;49 683;99,00
Western and Central Europe;France;Cocaine;2005;50 321;94,00
Western and Central Europe;France;Cocaine;2006;50 190;97,00
Western and Central Europe;France;Cocaine;2007;61 661;96,00
Western and Central Europe;France;Cocaine;2008;44 118;103,00
Western and Central Europe;France;Cocaine;2009;41 715;83,00
Western and Central Europe;France;Cocaine;2010;39 741;80,00
Western and Central Europe;France;Cocaine;2011;38 392;87,00
Western and Central Europe;France;Cocaine;2012;38 660;84,00
Western and Central Europe;France;Cocaine;2013;40 010;87,00
Western and Central Europe;France;Cocaine;2014;46 058;86,00
Western and Central Europe;France;Cocaine;2015;38 293;71,00
Western and Central Europe;France;Cocaine;2016;37 729;71,00
Western and Central Europe;France;Cocaine;2017;37 164;71,00
Western and Central Europe;France;Cocaine;2018;36 600;83,00
Western and Central Europe;France;Cocaine;2019;34 714;78,00
Western and Central Europe;France;Cocaine;2020;38 155;75,17
Western and Central Europe;France;Heroin;1990;180 000;145,00
Western and Central Europe;France;Heroin;1991;72 250;153,00
Western and Central Europe;France;Heroin;1992;80 000;150,00
Western and Central Europe;France;Heroin;1993;63 750;135,00
Western and Central Europe;France;Heroin;1994;75 000;144,00
Western and Central Europe;France;Heroin;1995;66 035;170,00
Western and Central Europe;France;Heroin;1996;46 603;156,00
Western and Central Europe;France;Heroin;1997;32 230;113,00
Western and Central Europe;France;Heroin;1998;25 885;119,00
Western and Central Europe;France;Heroin;1999;25 596;111,00
Western and Central Europe;France;Heroin;2000;22 158;32,00
Western and Central Europe;France;Heroin;2001;26 906;34,00
Western and Central Europe;France;Heroin;2002;23 547;47,00
Western and Central Europe;France;Heroin;2003;28 250;57,00
Western and Central Europe;France;Heroin;2004;31 050;68,00
Western and Central Europe;France;Heroin;2005;31 450;69,00
Western and Central Europe;France;Heroin;2006;35 550;67,00
Western and Central Europe;France;Heroin;2007;34 246;55,00
Western and Central Europe;France;Heroin;2008;36 743;66,00
Western and Central Europe;France;Heroin;2009;17 385;56,00
Western and Central Europe;France;Heroin;2010;15 897;53,00
Western and Central Europe;France;Heroin;2011;11 169;49,00
Western and Central Europe;France;Heroin;2012;13 853;45,00
Western and Central Europe;France;Heroin;2013;13 337;47,00
Western and Central Europe;France;Heroin;2014;19 739;46,00
Western and Central Europe;France;Heroin;2015;16 411;38,00
Western and Central Europe;France;Heroin;2016;16 844;39,00
Western and Central Europe;France;Heroin;2017;17 277;40,00
Western and Central Europe;France;Heroin;2018;17 710;41,00
Western and Central Europe;France;Heroin;2019;16 797;39,00
Western and Central Europe;France;Heroin;2020;15 518;37,59
Western and Central Europe;Germany;Cocaine;1990;69 000;120,00
Western and Central Europe;Germany;Cocaine;1991;53 100;103,00
Western and Central Europe;Germany;Cocaine;1992;60 300;111,00
Western and Central Europe;Germany;Cocaine;1993;54 142;95,00
Western and Central Europe;Germany;Cocaine;1994;57 692;109,00
Western and Central Europe;Germany;Cocaine;1995;54 676;103,00
Western and Central Europe;Germany;Cocaine;1996;53 925;90,00
Western and Central Europe;Germany;Cocaine;1997;45 294;77,00
Western and Central Europe;Germany;Cocaine;1998;41 210;72,00
Western and Central Europe;Germany;Cocaine;1999;39 639;68,00
Western and Central Europe;Germany;Cocaine;2000;33 752;57,00
Western and Central Europe;Germany;Cocaine;2001;33 235;58,00
Western and Central Europe;Germany;Cocaine;2002;34 476;57,00
Western and Central Europe;Germany;Cocaine;2003;40 110;68,00
Western and Central Europe;Germany;Cocaine;2004;44 243;73,00
Western and Central Europe;Germany;Cocaine;2005;46 525;79,00
Western and Central Europe;Germany;Cocaine;2006;45 320;74,00
Western and Central Europe;Germany;Cocaine;2007;48 826;86,00
Western and Central Europe;Germany;Cocaine;2008;54 114;91,00
Western and Central Europe;Germany;Cocaine;2009;57 171;87,00
Western and Central Europe;Germany;Cocaine;2010;53 496;87,00
Western and Central Europe;Germany;Cocaine;2011;64 044;92,00
Western and Central Europe;Germany;Cocaine;2012;49 982;84,00
Western and Central Europe;Germany;Cocaine;2013;48 678;92,00
Western and Central Europe;Germany;Cocaine;2014;50 128;100,00
Western and Central Europe;Germany;Cocaine;2015;46 849;81,00
Western and Central Europe;Germany;Cocaine;2016;46 932;84,00
Western and Central Europe;Germany;Cocaine;2017;46 832;81,00
Western and Central Europe;Germany;Cocaine;2018;50 989;76,00
Western and Central Europe;Germany;Cocaine;2019;46 920;60,00
Western and Central Europe;Germany;Cocaine;2020;45 380;83,03
Western and Central Europe;Germany;Heroin;1990;45 244;105,00
Western and Central Europe;Germany;Heroin;1991;36 145;75,00
Western and Central Europe;Germany;Heroin;1992;41 667;96,00
Western and Central Europe;Germany;Heroin;1993;35 206;74,00
Western and Central Europe;Germany;Heroin;1994;36 448;91,00
Western and Central Europe;Germany;Heroin;1995;35 256;90,00
Western and Central Europe;Germany;Heroin;1996;27 890;74,00
Western and Central Europe;Germany;Heroin;1997;25 686;51,00
Western and Central Europe;Germany;Heroin;1998;25 608;43,00
Western and Central Europe;Germany;Heroin;1999;24 770;45,00
Western and Central Europe;Germany;Heroin;2000;20 263;39,00
Western and Central Europe;Germany;Heroin;2001;17 816;38,00
Western and Central Europe;Germany;Heroin;2002;20 325;38,00
Western and Central Europe;Germany;Heroin;2003;21 510;46,00
Western and Central Europe;Germany;Heroin;2004;25 723;49,00
Western and Central Europe;Germany;Heroin;2005;25 765;48,00
Western and Central Europe;Germany;Heroin;2006;22 510;46,00
Western and Central Europe;Germany;Heroin;2007;25 810;48,00
Western and Central Europe;Germany;Heroin;2008;26 471;53,00
Western and Central Europe;Germany;Heroin;2009;26 717;51,00
Western and Central Europe;Germany;Heroin;2010;32 519;48,00
Western and Central Europe;Germany;Heroin;2011;35 500;59,00
Western and Central Europe;Germany;Heroin;2012;35 366;55,00
Western and Central Europe;Germany;Heroin;2013;41 233;65,00
Western and Central Europe;Germany;Heroin;2014;29 609;57,00
Western and Central Europe;Germany;Heroin;2015;36 379;55,00
Western and Central Europe;Germany;Heroin;2016;33 776;53,00
Western and Central Europe;Germany;Heroin;2017;35 634;48,00
Western and Central Europe;Germany;Heroin;2018;33 058;52,00
Western and Central Europe;Germany;Heroin;2019;33 595;57,00
Western and Central Europe;Germany;Heroin;2020;34 359;52,62
Western and Central Europe;Greece;Cocaine;1990;75 000;150,00
Western and Central Europe;Greece;Cocaine;1991;90 000;120,00
Western and Central Europe;Greece;Cocaine;1992;95 000;105,00
Western and Central Europe;Greece;Cocaine;1993;36 000;54,00
Western and Central Europe;Greece;Cocaine;1994;46 413;116,00
Western and Central Europe;Greece;Cocaine;1995;53 098;111,00
Western and Central Europe;Greece;Cocaine;1996;72 015;144,00
Western and Central Europe;Greece;Cocaine;1997;43 795;91,00
Western and Central Europe;Greece;Cocaine;1998;49 180;54,00
Western and Central Europe;Greece;Cocaine;1999;49 320;82,00
Western and Central Europe;Greece;Cocaine;2000;41 237;69,00
Western and Central Europe;Greece;Cocaine;2001;40 359;72,00
Western and Central Europe;Greece;Cocaine;2002;42 385;75,00
Western and Central Europe;Greece;Cocaine;2003;53 680;96,00
Western and Central Europe;Greece;Cocaine;2004;57 446;93,00
Western and Central Europe;Greece;Cocaine;2005;62 902;79,00
Western and Central Europe;Greece;Cocaine;2006;62 735;110,00
Western and Central Europe;Greece;Cocaine;2007;62 735;111,00
Western and Central Europe;Greece;Cocaine;2008;69 853;110,00
Western and Central Europe;Greece;Cocaine;2009;63 964;104,00
Western and Central Europe;Greece;Cocaine;2010;59 612;96,00
Western and Central Europe;Greece;Cocaine;2011;56 541;98,00
Western and Central Europe;Greece;Cocaine;2012;52 835;97,00
Western and Central Europe;Greece;Cocaine;2013;56 680;120,00
Western and Central Europe;Greece;Cocaine;2014;62 507;112,00
Western and Central Europe;Greece;Cocaine;2015;51 969;94,00
Western and Central Europe;Greece;Cocaine;2016;52 602;94,00
Western and Central Europe;Greece;Cocaine;2017;44 893;95,00
Western and Central Europe;Greece;Cocaine;2018;46 045;100,00
Western and Central Europe;Greece;Cocaine;2019;42 553;95,00
Western and Central Europe;Greece;Cocaine;2020;48 405;102,51
Western and Central Europe;Greece;Heroin;1990;90 000;120,00
Western and Central Europe;Greece;Heroin;1991;70 000;175,00
Western and Central Europe;Greece;Heroin;1992;35 000;63,00
Western and Central Europe;Greece;Heroin;1993;28 000;44,00
Western and Central Europe;Greece;Heroin;1994;29 536;105,00
Western and Central Europe;Greece;Heroin;1995;34 362;88,00
Western and Central Europe;Greece;Heroin;1996;39 090;77,00
Western and Central Europe;Greece;Heroin;1997;28 775;80,00
Western and Central Europe;Greece;Heroin;1998;21 020;55,00
Western and Central Europe;Greece;Heroin;1999;20 714;55,00
Western and Central Europe;Greece;Heroin;2000;17 320;55,00
Western and Central Europe;Greece;Heroin;2001;16 592;53,00
Western and Central Europe;Greece;Heroin;2002;17 425;45,00
Western and Central Europe;Greece;Heroin;2003;18 650;65,00
Western and Central Europe;Greece;Heroin;2004;17 540;51,00
Western and Central Europe;Greece;Heroin;2005;14 782;31,00
Western and Central Europe;Greece;Heroin;2006;19 450;75,00
Western and Central Europe;Greece;Heroin;2007;19 450;75,00
Western and Central Europe;Greece;Heroin;2008;22 413;59,00
Western and Central Europe;Greece;Heroin;2009;21 205;54,00
Western and Central Europe;Greece;Heroin;2010;18 215;40,00
Western and Central Europe;Greece;Heroin;2011;23 035;24,00
Western and Central Europe;Greece;Heroin;2012;21 263;18,00
Western and Central Europe;Greece;Heroin;2013;16 004;28,00
Western and Central Europe;Greece;Heroin;2014;15 791;28,00
Western and Central Europe;Greece;Heroin;2015;17 505;26,00
Western and Central Europe;Greece;Heroin;2016;19 934;26,00
Western and Central Europe;Greece;Heroin;2017;20 202;24,00
Western and Central Europe;Greece;Heroin;2018;21 842;25,00
Western and Central Europe;Greece;Heroin;2019;21 277;24,00
Western and Central Europe;Greece;Heroin;2020;20 501;21,07
Western and Central Europe;Ireland;Cocaine;1990;45 000;141,00
Western and Central Europe;Ireland;Cocaine;1991;45 000;137,00
Western and Central Europe;Ireland;Cocaine;1992;40 000;120,00
Western and Central Europe;Ireland;Cocaine;1993;50 000;110,00
Western and Central Europe;Ireland;Cocaine;1994;45 000;100,00
Western and Central Europe;Ireland;Cocaine;1995;42 000;119,00
Western and Central Europe;Ireland;Cocaine;1996;31 646;32,00
Western and Central Europe;Ireland;Cocaine;1997;33 733;34,00
Western and Central Europe;Ireland;Cocaine;1998;31 530;32,00
Western and Central Europe;Ireland;Cocaine;1999;29 891;30,00
Western and Central Europe;Ireland;Cocaine;2000;29 891;28,00
Western and Central Europe;Ireland;Cocaine;2001;29 891;28,00
Western and Central Europe;Ireland;Cocaine;2002;29 891;94,00
Western and Central Europe;Ireland;Cocaine;2003;30 510;79,00
Western and Central Europe;Ireland;Cocaine;2004;38 557;87,00
Western and Central Europe;Ireland;Cocaine;2005;38 506;88,00
Western and Central Europe;Ireland;Cocaine;2006;39 636;88,00
Western and Central Europe;Ireland;Cocaine;2007;41 107;96,00
Western and Central Europe;Ireland;Cocaine;2008;44 118;103,00
Western and Central Europe;Ireland;Cocaine;2009;36 161;97,00
Western and Central Europe;Ireland;Cocaine;2010;34 443;93,00
Western and Central Europe;Ireland;Cocaine;2011;36 298;98,00
Western and Central Europe;Ireland;Cocaine;2012;38 660;90,00
Western and Central Europe;Ireland;Cocaine;2013;93 356;93,00
Western and Central Europe;Ireland;Cocaine;2014;32 899;92,00
Western and Central Europe;Ireland;Cocaine;2015;32 823;77,00
Western and Central Europe;Ireland;Cocaine;2016;33 223;78,00
Western and Central Europe;Ireland;Cocaine;2017;33 141;78,00
Western and Central Europe;Ireland;Cocaine;2018;33 058;83,00
Western and Central Europe;Ireland;Cocaine;2019;27 996;78,00
Western and Central Europe;Ireland;Cocaine;2020;34 169;79,73
Western and Central Europe;Ireland;Heroin;1990;63 940;196,00
Western and Central Europe;Ireland;Heroin;1991;53 940;180,00
Western and Central Europe;Ireland;Heroin;1992;53 500;180,00
Western and Central Europe;Ireland;Heroin;1993;53 210;168,00
Western and Central Europe;Ireland;Heroin;1994;52 500;161,00
Western and Central Europe;Ireland;Heroin;1995;81 479;179,00
Western and Central Europe;Ireland;Heroin;1996;77 643;275,00
Western and Central Europe;Ireland;Heroin;1997;36 531;228,00
Western and Central Europe;Ireland;Heroin;1998;34 396;213,00
Western and Central Europe;Ireland;Heroin;1999;43 478;204,00
Western and Central Europe;Ireland;Heroin;2000;37 600;176,00
Western and Central Europe;Ireland;Heroin;2001;36 441;170,00
Western and Central Europe;Ireland;Heroin;2002;36 441;179,00
Western and Central Europe;Ireland;Heroin;2003;30 510;179,00
Western and Central Europe;Ireland;Heroin;2004;30 510;248,00
Western and Central Europe;Ireland;Heroin;2005;33 967;252,00
Western and Central Europe;Ireland;Heroin;2006;33 967;251,00
Western and Central Europe;Ireland;Heroin;2007;33 967;274,00
Western and Central Europe;Ireland;Heroin;2008;44 120;294,00
Western and Central Europe;Ireland;Heroin;2009;41 725;209,00
Western and Central Europe;Ireland;Heroin;2010;39 741;207,00
Western and Central Europe;Ireland;Heroin;2011;41 882;209,00
Western and Central Europe;Ireland;Heroin;2012;38 660;193,00
Western and Central Europe;Ireland;Heroin;2013;40 010;200,00
Western and Central Europe;Ireland;Heroin;2014;52 638;197,00
Western and Central Europe;Ireland;Heroin;2015;43 764;153,00
Western and Central Europe;Ireland;Heroin;2016;44 297;155,00
Western and Central Europe;Ireland;Heroin;2017;45 762;155,00
Western and Central Europe;Ireland;Heroin;2018;47 226;155,00
Western and Central Europe;Ireland;Heroin;2019;44 793;157,00
Western and Central Europe;Ireland;Heroin;2020;39 863;227,79
Western and Central Europe;Italy;Cocaine;1990;54 000;108,00
Western and Central Europe;Italy;Cocaine;1991;48 000;120,00
Western and Central Europe;Italy;Cocaine;1992;94 000;164,00
Western and Central Europe;Italy;Cocaine;1993;41 935;90,00
Western and Central Europe;Italy;Cocaine;1994;51 097;104,00
Western and Central Europe;Italy;Cocaine;1995;51 455;113,00
Western and Central Europe;Italy;Cocaine;1996;55 633;129,00
Western and Central Europe;Italy;Cocaine;1997;50 629;109,00
Western and Central Europe;Italy;Cocaine;1998;49 091;129,00
Western and Central Europe;Italy;Cocaine;1999;47 250;135,00
Western and Central Europe;Italy;Cocaine;2000;46 000;100,00
Western and Central Europe;Italy;Cocaine;2001;40 529;89,00
Western and Central Europe;Italy;Cocaine;2002;41 412;90,00
Western and Central Europe;Italy;Cocaine;2003;47 440;101,00
Western and Central Europe;Italy;Cocaine;2004;51 759;113,00
Western and Central Europe;Italy;Cocaine;2005;52 188;114,00
Western and Central Europe;Italy;Cocaine;2006;52 920;104,00
Western and Central Europe;Italy;Cocaine;2007;56 029;112,00
Western and Central Europe;Italy;Cocaine;2008;63 514;111,00
Western and Central Europe;Italy;Cocaine;2009;57 153;99,00
Western and Central Europe;Italy;Cocaine;2010;53 593;92,00
Western and Central Europe;Italy;Cocaine;2011;54 694;95,00
Western and Central Europe;Italy;Cocaine;2012;48 854;90,00
Western and Central Europe;Italy;Cocaine;2013;51 738;95,00
Western and Central Europe;Italy;Cocaine;2014;52 082;94,00
Western and Central Europe;Italy;Cocaine;2015;42 877;79,00
Western and Central Europe;Italy;Cocaine;2016;43 499;87,00
Western and Central Europe;Italy;Cocaine;2017;43 527;92,00
Western and Central Europe;Italy;Cocaine;2018;45 667;96,00
Western and Central Europe;Italy;Cocaine;2019;42 892;89,00
Western and Central Europe;Italy;Cocaine;2020;43 770;91,34
Western and Central Europe;Italy;Heroin;1990;67 500;167,00
Western and Central Europe;Italy;Heroin;1991;60 000;148,00
Western and Central Europe;Italy;Heroin;1992;108 000;140,00
Western and Central Europe;Italy;Heroin;1993;42 581;29,00
Western and Central Europe;Italy;Heroin;1994;47 690;55,00
Western and Central Europe;Italy;Heroin;1995;35 786;41,00
Western and Central Europe;Italy;Heroin;1996;48 152;115,00
Western and Central Europe;Italy;Heroin;1997;37 795;98,00
Western and Central Europe;Italy;Heroin;1998;36 459;120,00
Western and Central Europe;Italy;Heroin;1999;36 894;95,00
Western and Central Europe;Italy;Heroin;2000;31 163;71,00
Western and Central Europe;Italy;Heroin;2001;32 979;68,00
Western and Central Europe;Italy;Heroin;2002;33 669;59,00
Western and Central Europe;Italy;Heroin;2003;29 830;63,00
Western and Central Europe;Italy;Heroin;2004;30 109;69,00
Western and Central Europe;Italy;Heroin;2005;30 496;68,00
Western and Central Europe;Italy;Heroin;2006;28 830;66,00
Western and Central Europe;Italy;Heroin;2007;31 676;66,00
Western and Central Europe;Italy;Heroin;2008;46 300;78,00
Western and Central Europe;Italy;Heroin;2009;44 044;72,00
Western and Central Europe;Italy;Heroin;2010;39 478;68,00
Western and Central Europe;Italy;Heroin;2011;39 687;73,00
Western and Central Europe;Italy;Heroin;2012;34 912;67,00
Western and Central Europe;Italy;Heroin;2013;35 537;68,00
Western and Central Europe;Italy;Heroin;2014;32 961;65,00
Western and Central Europe;Italy;Heroin;2015;29 727;53,00
Western and Central Europe;Italy;Heroin;2016;29 884;53,00
Western and Central Europe;Italy;Heroin;2017;28 432;48,00
Western and Central Europe;Italy;Heroin;2018;28 524;53,00
Western and Central Europe;Italy;Heroin;2019;26 275;54,00
Western and Central Europe;Italy;Heroin;2020;33 443;61,50
Western and Central Europe;Luxembourg;Cocaine;1990;93 919;150,00
Western and Central Europe;Luxembourg;Cocaine;1991;95 939;150,00
Western and Central Europe;Luxembourg;Cocaine;1992;113 521;150,00
Western and Central Europe;Luxembourg;Cocaine;1993;50 847;150,00
Western and Central Europe;Luxembourg;Cocaine;1994;157 593;172,00
Western and Central Europe;Luxembourg;Cocaine;1995;141 343;194,00
Western and Central Europe;Luxembourg;Cocaine;1996;47 625;127,00
Western and Central Europe;Luxembourg;Cocaine;1997;43 103;115,00
Western and Central Europe;Luxembourg;Cocaine;1998;41 072;110,00
Western and Central Europe;Luxembourg;Cocaine;1999;47 718;119,00
Western and Central Europe;Luxembourg;Cocaine;2000;47 718;119,00
Western and Central Europe;Luxembourg;Cocaine;2001;47 718;119,00
Western and Central Europe;Luxembourg;Cocaine;2002;47 718;107,00
Western and Central Europe;Luxembourg;Cocaine;2003;47 718;96,00
Western and Central Europe;Luxembourg;Cocaine;2004;31 052;114,00
Western and Central Europe;Luxembourg;Cocaine;2005;31 450;105,00
Western and Central Europe;Luxembourg;Cocaine;2006;31 450;106,00
Western and Central Europe;Luxembourg;Cocaine;2007;33 787;89,00
Western and Central Europe;Luxembourg;Cocaine;2008;36 299;89,00
Western and Central Europe;Luxembourg;Cocaine;2009;38 996;89,00
Western and Central Europe;Luxembourg;Cocaine;2010;41 895;166,00
Western and Central Europe;Luxembourg;Cocaine;2011;45 008;119,00
Western and Central Europe;Luxembourg;Cocaine;2012;48 353;110,00
Western and Central Europe;Luxembourg;Cocaine;2013;51 947;114,00
Western and Central Europe;Luxembourg;Cocaine;2014;55 808;112,00
Western and Central Europe;Luxembourg;Cocaine;2015;55 808;93,00
Western and Central Europe;Luxembourg;Cocaine;2016;55 808;95,00
Western and Central Europe;Luxembourg;Cocaine;2017;55 808;106,00
Western and Central Europe;Luxembourg;Cocaine;2018;55 808;81,00
Western and Central Europe;Luxembourg;Cocaine;2019;55 808;77,00
Western and Central Europe;Luxembourg;Cocaine;2020;55 808;85,42
Western and Central Europe;Luxembourg;Heroin;1990;86 000;172,00
Western and Central Europe;Luxembourg;Heroin;1991;75 000;150,00
Western and Central Europe;Luxembourg;Heroin;1992;75 000;150,00
Western and Central Europe;Luxembourg;Heroin;1993;49 500;150,00
Western and Central Europe;Luxembourg;Heroin;1994;86 000;172,00
Western and Central Europe;Luxembourg;Heroin;1995;57 079;202,00
Western and Central Europe;Luxembourg;Heroin;1996;59 852;138,00
Western and Central Europe;Luxembourg;Heroin;1997;54 786;141,00
Western and Central Europe;Luxembourg;Heroin;1998;52 630;133,00
Western and Central Europe;Luxembourg;Heroin;1999;50 368;126,00
Western and Central Europe;Luxembourg;Heroin;2000;48 000;69,00
Western and Central Europe;Luxembourg;Heroin;2001;50 369;67,00
Western and Central Europe;Luxembourg;Heroin;2002;50 369;67,00
Western and Central Europe;Luxembourg;Heroin;2003;24 700;45,00
Western and Central Europe;Luxembourg;Heroin;2004;43 473;101,00
Western and Central Europe;Luxembourg;Heroin;2005;44 030;102,00
Western and Central Europe;Luxembourg;Heroin;2006;44 030;102,00
Western and Central Europe;Luxembourg;Heroin;2007;31 451;96,00
Western and Central Europe;Luxembourg;Heroin;2008;33 763;96,00
Western and Central Europe;Luxembourg;Heroin;2009;31 925;96,00
Western and Central Europe;Luxembourg;Heroin;2010;30 414;88,00
Western and Central Europe;Luxembourg;Heroin;2011;32 052;78,00
Western and Central Europe;Luxembourg;Heroin;2012;29 587;72,00
Western and Central Europe;Luxembourg;Heroin;2013;30 000;74,00
Western and Central Europe;Luxembourg;Heroin;2014;30 000;74,00
Western and Central Europe;Luxembourg;Heroin;2015;30 000;61,00
Western and Central Europe;Luxembourg;Heroin;2016;30 000;61,00
Western and Central Europe;Luxembourg;Heroin;2017;30 000;61,00
Western and Central Europe;Luxembourg;Heroin;2018;30 000;61,00
Western and Central Europe;Luxembourg;Heroin;2019;30 000;53,00
Western and Central Europe;Luxembourg;Heroin;2020;30 000;51,25
Western and Central Europe;Netherlands;Cocaine;1990;26 500;66,00
Western and Central Europe;Netherlands;Cocaine;1991;28 000;70,00
Western and Central Europe;Netherlands;Cocaine;1992;29 500;74,00
Western and Central Europe;Netherlands;Cocaine;1993;26 500;66,00
Western and Central Europe;Netherlands;Cocaine;1994;24 680;60,00
Western and Central Europe;Netherlands;Cocaine;1995;33 232;79,00
Western and Central Europe;Netherlands;Cocaine;1996;23 894;52,00
Western and Central Europe;Netherlands;Cocaine;1997;29 698;64,00
Western and Central Europe;Netherlands;Cocaine;1998;22 355;38,00
Western and Central Europe;Netherlands;Cocaine;1999;27 500;33,00
Western and Central Europe;Netherlands;Cocaine;2000;27 500;33,00
Western and Central Europe;Netherlands;Cocaine;2001;27 500;33,00
Western and Central Europe;Netherlands;Cocaine;2002;27 500;33,00
Western and Central Europe;Netherlands;Cocaine;2003;27 400;50,00
Western and Central Europe;Netherlands;Cocaine;2004;33 775;59,00
Western and Central Europe;Netherlands;Cocaine;2005;33 775;59,00
Western and Central Europe;Netherlands;Cocaine;2006;35 000;60,00
Western and Central Europe;Netherlands;Cocaine;2007;42 409;59,00
Western and Central Europe;Netherlands;Cocaine;2008;46 691;63,00
Western and Central Europe;Netherlands;Cocaine;2009;44 149;63,00
Western and Central Europe;Netherlands;Cocaine;2010;41 596;59,00
Western and Central Europe;Netherlands;Cocaine;2011;43 836;73,00
Western and Central Europe;Netherlands;Cocaine;2012;40 464;67,00
Western and Central Europe;Netherlands;Cocaine;2013;41 877;69,00
Western and Central Europe;Netherlands;Cocaine;2014;41 877;69,00
Western and Central Europe;Netherlands;Cocaine;2015;41 877;65,15
Western and Central Europe;Netherlands;Cocaine;2016;41 877;62,04
Western and Central Europe;Netherlands;Cocaine;2017;41 877;56,00
Western and Central Europe;Netherlands;Cocaine;2018;41 877;58,00
Western and Central Europe;Netherlands;Cocaine;2019;41 877;58,00
Western and Central Europe;Netherlands;Cocaine;2020;41 877;57,29
Western and Central Europe;Netherlands;Heroin;1990;23 850;49,00
Western and Central Europe;Netherlands;Heroin;1991;25 000;50,00
Western and Central Europe;Netherlands;Heroin;1992;26 550;55,00
Western and Central Europe;Netherlands;Heroin;1993;23 850;49,00
Western and Central Europe;Netherlands;Heroin;1994;23 850;55,00
Western and Central Europe;Netherlands;Heroin;1995;24 384;61,00
Western and Central Europe;Netherlands;Heroin;1996;20 572;48,00
Western and Central Europe;Netherlands;Heroin;1997;13 810;55,00
Western and Central Europe;Netherlands;Heroin;1998;14 056;34,00
Western and Central Europe;Netherlands;Heroin;1999;16 985;30,00
Western and Central Europe;Netherlands;Heroin;2000;14 703;25,00
Western and Central Europe;Netherlands;Heroin;2001;15 757;43,00
Western and Central Europe;Netherlands;Heroin;2002;29 199;35,00
Western and Central Europe;Netherlands;Heroin;2003;17 730;40,00
Western and Central Europe;Netherlands;Heroin;2004;17 730;57,00
Western and Central Europe;Netherlands;Heroin;2005;18 240;38,00
Western and Central Europe;Netherlands;Heroin;2006;16 625;38,00
Western and Central Europe;Netherlands;Heroin;2007;16 957;33,00
Western and Central Europe;Netherlands;Heroin;2008;19 841;53,00
Western and Central Europe;Netherlands;Heroin;2009;19 841;53,00
Western and Central Europe;Netherlands;Heroin;2010;22 079;51,00
Western and Central Europe;Netherlands;Heroin;2011;23 268;60,00
Western and Central Europe;Netherlands;Heroin;2012;21 478;55,00
Western and Central Europe;Netherlands;Heroin;2013;22 228;47,00
Western and Central Europe;Netherlands;Heroin;2014;22 228;45,00
Western and Central Europe;Netherlands;Heroin;2015;22 228;45,00
Western and Central Europe;Netherlands;Heroin;2016;22 228;39,00
Western and Central Europe;Netherlands;Heroin;2017;22 228;43,00
Western and Central Europe;Netherlands;Heroin;2018;22 228;41,00
Western and Central Europe;Netherlands;Heroin;2019;22 228;41,00
Western and Central Europe;Netherlands;Heroin;2020;22 228;41,00
Western and Central Europe;Norway;Cocaine;1990;120 000;176,00
Western and Central Europe;Norway;Cocaine;1991;120 000;170,00
Western and Central Europe;Norway;Cocaine;1992;127 500;255,00
Western and Central Europe;Norway;Cocaine;1993;110 000;156,00
Western and Central Europe;Norway;Cocaine;1994;39 971;145,00
Western and Central Europe;Norway;Cocaine;1995;50 000;150,00
Western and Central Europe;Norway;Cocaine;1996;41 670;153,00
Western and Central Europe;Norway;Cocaine;1997;60 028;177,00
Western and Central Europe;Norway;Cocaine;1998;81 699;133,00
Western and Central Europe;Norway;Cocaine;1999;57 545;128,00
Western and Central Europe;Norway;Cocaine;2000;51 417;114,00
Western and Central Europe;Norway;Cocaine;2001;51 569;157,00
Western and Central Europe;Norway;Cocaine;2002;54 159;165,00
Western and Central Europe;Norway;Cocaine;2003;56 500;170,00
Western and Central Europe;Norway;Cocaine;2004;65 209;155,00
Western and Central Europe;Norway;Cocaine;2005;65 209;155,00
Western and Central Europe;Norway;Cocaine;2006;56 400;151,00
Western and Central Europe;Norway;Cocaine;2007;61 661;164,00
Western and Central Europe;Norway;Cocaine;2008;51 471;154,00
Western and Central Europe;Norway;Cocaine;2009;48 668;146,00
Western and Central Europe;Norway;Cocaine;2010;46 365;139,00
Western and Central Europe;Norway;Cocaine;2011;48 862;147,00
Western and Central Europe;Norway;Cocaine;2012;45 103;135,00
Western and Central Europe;Norway;Cocaine;2013;46 678;127,00
Western and Central Europe;Norway;Cocaine;2014;46 678;109,00
Western and Central Europe;Norway;Cocaine;2015;46 678;92,00
Western and Central Europe;Norway;Cocaine;2016;46 678;92,00
Western and Central Europe;Norway;Cocaine;2017;42 393;115,00
Western and Central Europe;Norway;Cocaine;2018;42 393;115,00
Western and Central Europe;Norway;Cocaine;2019;42 393;115,00
Western and Central Europe;Norway;Cocaine;2020;42 393;115,00
Western and Central Europe;Norway;Heroin;1990;220 000;1680,00
Western and Central Europe;Norway;Heroin;1991;200 000;525,00
Western and Central Europe;Norway;Heroin;1992;212 500;510,00
Western and Central Europe;Norway;Heroin;1993;151 099;275,00
Western and Central Europe;Norway;Heroin;1994;101 744;349,00
Western and Central Europe;Norway;Heroin;1995;85 000;300,00
Western and Central Europe;Norway;Heroin;1996;72 520;282,00
Western and Central Europe;Norway;Heroin;1997;62 209;198,00
Western and Central Europe;Norway;Heroin;1998;64 918;186,00
Western and Central Europe;Norway;Heroin;1999;49 872;166,00
Western and Central Europe;Norway;Heroin;2000;44 561;128,00
Western and Central Europe;Norway;Heroin;2001;35 874;157,00
Western and Central Europe;Norway;Heroin;2002;37 676;165,00
Western and Central Europe;Norway;Heroin;2003;48 234;198,00
Western and Central Europe;Norway;Heroin;2004;52 790;148,00
Western and Central Europe;Norway;Heroin;2005;53 490;220,00
Western and Central Europe;Norway;Heroin;2006;53 325;220,00
Western and Central Europe;Norway;Heroin;2007;58 235;240,00
Western and Central Europe;Norway;Heroin;2008;47 766;170,00
Western and Central Europe;Norway;Heroin;2009;47 766;160,00
Western and Central Europe;Norway;Heroin;2010;47 794;152,00
Western and Central Europe;Norway;Heroin;2011;45 372;161,00
Western and Central Europe;Norway;Heroin;2012;41 223;143,00
Western and Central Europe;Norway;Heroin;2013;37 074;126,00
Western and Central Europe;Norway;Heroin;2014;32 925;109,00
Western and Central Europe;Norway;Heroin;2015;28 775;92,00
Western and Central Europe;Norway;Heroin;2016;28 775;97,00
Western and Central Europe;Norway;Heroin;2017;28 775;102,00
Western and Central Europe;Norway;Heroin;2018;28 775;102,00
Western and Central Europe;Norway;Heroin;2019;28 775;102,00
Western and Central Europe;Norway;Heroin;2020;28 775;102,00
Western and Central Europe;Portugal;Cocaine;1990;39 500;63,00
Western and Central Europe;Portugal;Cocaine;1991;39 285;57,00
Western and Central Europe;Portugal;Cocaine;1992;33 000;60,00
Western and Central Europe;Portugal;Cocaine;1993;27 000;57,00
Western and Central Europe;Portugal;Cocaine;1994;27 950;59,00
Western and Central Europe;Portugal;Cocaine;1995;34 483;66,00
Western and Central Europe;Portugal;Cocaine;1996;42 591;64,00
Western and Central Europe;Portugal;Cocaine;1997;37 908;57,00
Western and Central Europe;Portugal;Cocaine;1998;33 447;51,00
Western and Central Europe;Portugal;Cocaine;1999;30 000;43,00
Western and Central Europe;Portugal;Cocaine;2000;28 000;56,00
Western and Central Europe;Portugal;Cocaine;2001;29 080;48,00
Western and Central Europe;Portugal;Cocaine;2002;31 046;36,00
Western and Central Europe;Portugal;Cocaine;2003;32 410;47,00
Western and Central Europe;Portugal;Cocaine;2004;36 399;49,00
Western and Central Europe;Portugal;Cocaine;2005;36 399;55,00
Western and Central Europe;Portugal;Cocaine;2006;31 365;56,00
Western and Central Europe;Portugal;Cocaine;2007;34 256;55,00
Western and Central Europe;Portugal;Cocaine;2008;44 118;66,00
Western and Central Europe;Portugal;Cocaine;2009;41 716;66,00
Western and Central Europe;Portugal;Cocaine;2010;39 741;61,00
Western and Central Europe;Portugal;Cocaine;2011;41 882;70,00
Western and Central Europe;Portugal;Cocaine;2012;38 660;65,00
Western and Central Europe;Portugal;Cocaine;2013;40 010;63,00
Western and Central Europe;Portugal;Cocaine;2014;40 010;63,00
Western and Central Europe;Portugal;Cocaine;2015;40 010;59,31
Western and Central Europe;Portugal;Cocaine;2016;40 010;56,58
Western and Central Europe;Portugal;Cocaine;2017;27 643;50,00
Western and Central Europe;Portugal;Cocaine;2018;25 260;54,00
Western and Central Europe;Portugal;Cocaine;2019;22 878;37,00
Western and Central Europe;Portugal;Cocaine;2020;18 895;37,59
Western and Central Europe;Portugal;Heroin;1990;50 000;83,00
Western and Central Europe;Portugal;Heroin;1991;55 000;82,00
Western and Central Europe;Portugal;Heroin;1992;46 667;72,00
Western and Central Europe;Portugal;Heroin;1993;31 500;63,00
Western and Central Europe;Portugal;Heroin;1994;32 428;65,00
Western and Central Europe;Portugal;Heroin;1995;43 171;79,00
Western and Central Europe;Portugal;Heroin;1996;45 902;68,00
Western and Central Europe;Portugal;Heroin;1997;38 841;55,00
Western and Central Europe;Portugal;Heroin;1998;30 483;74,00
Western and Central Europe;Portugal;Heroin;1999;29 339;37,00
Western and Central Europe;Portugal;Heroin;2000;25 398;45,00
Western and Central Europe;Portugal;Heroin;2001;31 310;45,00
Western and Central Europe;Portugal;Heroin;2002;25 839;41,00
Western and Central Europe;Portugal;Heroin;2003;31 000;54,00
Western and Central Europe;Portugal;Heroin;2004;34 075;52,00
Western and Central Europe;Portugal;Heroin;2005;34 512;52,00
Western and Central Europe;Portugal;Heroin;2006;34 512;52,00
Western and Central Europe;Portugal;Heroin;2007;20 554;52,00
Western and Central Europe;Portugal;Heroin;2008;27 206;49,00
Western and Central Europe;Portugal;Heroin;2009;38 239;51,00
Western and Central Europe;Portugal;Heroin;2010;29 806;47,00
Western and Central Europe;Portugal;Heroin;2011;31 411;50,00
Western and Central Europe;Portugal;Heroin;2012;28 995;46,00
Western and Central Europe;Portugal;Heroin;2013;30 007;48,00
Western and Central Europe;Portugal;Heroin;2014;30 007;34,00
Western and Central Europe;Portugal;Heroin;2015;30 007;32,00
Western and Central Europe;Portugal;Heroin;2016;30 007;29,00
Western and Central Europe;Portugal;Heroin;2017;30 007;30,00
Western and Central Europe;Portugal;Heroin;2018;30 007;34,00
Western and Central Europe;Portugal;Heroin;2019;30 007;27,00
Western and Central Europe;Portugal;Heroin;2020;30 007;19,51
Western and Central Europe;Spain;Cocaine;1990;65 000;110,00
Western and Central Europe;Spain;Cocaine;1991;60 000;100,00
Western and Central Europe;Spain;Cocaine;1992;55 000;100,00
Western and Central Europe;Spain;Cocaine;1993;35 000;63,00
Western and Central Europe;Spain;Cocaine;1994;36 434;78,00
Western and Central Europe;Spain;Cocaine;1995;41 322;91,00
Western and Central Europe;Spain;Cocaine;1996;38 760;72,00
Western and Central Europe;Spain;Cocaine;1997;36 806;68,00
Western and Central Europe;Spain;Cocaine;1998;38 924;68,00
Western and Central Europe;Spain;Cocaine;1999;38 898;63,00
Western and Central Europe;Spain;Cocaine;2000;30 882;52,00
Western and Central Europe;Spain;Cocaine;2001;38 898;52,00
Western and Central Europe;Spain;Cocaine;2002;31 511;56,00
Western and Central Europe;Spain;Cocaine;2003;38 830;70,00
Western and Central Europe;Spain;Cocaine;2004;42 167;76,00
Western and Central Europe;Spain;Cocaine;2005;41 321;76,00
Western and Central Europe;Spain;Cocaine;2006;41 210;76,00
Western and Central Europe;Spain;Cocaine;2007;46 274;83,00
Western and Central Europe;Spain;Cocaine;2008;48 709;89,00
Western and Central Europe;Spain;Cocaine;2009;45 941;83,00
Western and Central Europe;Spain;Cocaine;2010;45 034;79,00
Western and Central Europe;Spain;Cocaine;2011;47 877;82,00
Western and Central Europe;Spain;Cocaine;2012;43 909;76,00
Western and Central Europe;Spain;Cocaine;2013;44 756;77,00
Western and Central Europe;Spain;Cocaine;2014;44 857;76,00
Western and Central Europe;Spain;Cocaine;2015;37 603;64,00
Western and Central Europe;Spain;Cocaine;2016;38 586;64,00
Western and Central Europe;Spain;Cocaine;2017;39 747;67,00
Western and Central Europe;Spain;Cocaine;2018;40 150;70,00
Western and Central Europe;Spain;Cocaine;2019;38 076;67,00
Western and Central Europe;Spain;Cocaine;2020;40 727;67,00
Western and Central Europe;Spain;Heroin;1990;160 000;175,00
Western and Central Europe;Spain;Heroin;1991;125 000;185,00
Western and Central Europe;Spain;Heroin;1992;122 500;180,00
Western and Central Europe;Spain;Heroin;1993;91 000;126,00
Western and Central Europe;Spain;Heroin;1994;74 418;132,00
Western and Central Europe;Spain;Heroin;1995;79 880;120,00
Western and Central Europe;Spain;Heroin;1996;84 395;112,00
Western and Central Europe;Spain;Heroin;1997;63 880;88,00
Western and Central Europe;Spain;Heroin;1998;52 755;82,00
Western and Central Europe;Spain;Heroin;1999;53 820;75,00
Western and Central Europe;Spain;Heroin;2000;43 596;59,00
Western and Central Europe;Spain;Heroin;2001;32 000;57,00
Western and Central Europe;Spain;Heroin;2002;41 202;61,00
Western and Central Europe;Spain;Heroin;2003;48 420;75,00
Western and Central Europe;Spain;Heroin;2004;46 350;81,00
Western and Central Europe;Spain;Heroin;2005;47 055;80,00
Western and Central Europe;Spain;Heroin;2006;47 371;78,00
Western and Central Europe;Spain;Heroin;2007;47 671;86,00
Western and Central Europe;Spain;Heroin;2008;50 697;92,00
Western and Central Europe;Spain;Heroin;2009;46 621;86,00
Western and Central Europe;Spain;Heroin;2010;43 993;80,00
Western and Central Europe;Spain;Heroin;2011;44 530;83,00
Western and Central Europe;Spain;Heroin;2012;42 110;76,00
Western and Central Europe;Spain;Heroin;2013;42 012;76,00
Western and Central Europe;Spain;Heroin;2014;38 807;75,00
Western and Central Europe;Spain;Heroin;2015;35 138;63,00
Western and Central Europe;Spain;Heroin;2016;35 755;64,00
Western and Central Europe;Spain;Heroin;2017;34 624;64,00
Western and Central Europe;Spain;Heroin;2018;36 681;69,00
Western and Central Europe;Spain;Heroin;2019;34 530;66,00
Western and Central Europe;Spain;Heroin;2020;36 030;66,00
Western and Central Europe;Sweden;Cocaine;1990;80 000;160,00
Western and Central Europe;Sweden;Cocaine;1991;85 000;152,00
Western and Central Europe;Sweden;Cocaine;1992;91 375;183,00
Western and Central Europe;Sweden;Cocaine;1993;61 450;123,00
Western and Central Europe;Sweden;Cocaine;1994;73 825;148,00
Western and Central Europe;Sweden;Cocaine;1995;55 556;118,00
Western and Central Europe;Sweden;Cocaine;1996;59 255;118,00
Western and Central Europe;Sweden;Cocaine;1997;45 573;98,00
Western and Central Europe;Sweden;Cocaine;1998;50 484;88,00
Western and Central Europe;Sweden;Cocaine;1999;48 508;97,00
Western and Central Europe;Sweden;Cocaine;2000;38 394;77,00
Western and Central Europe;Sweden;Cocaine;2001;34 693;79,00
Western and Central Europe;Sweden;Cocaine;2002;35 763;87,00
Western and Central Europe;Sweden;Cocaine;2003;43 130;99,00
Western and Central Europe;Sweden;Cocaine;2004;39 560;93,00
Western and Central Europe;Sweden;Cocaine;2005;40 068;92,00
Western and Central Europe;Sweden;Cocaine;2006;39 270;101,00
Western and Central Europe;Sweden;Cocaine;2007;51 883;96,00
Western and Central Europe;Sweden;Cocaine;2008;72 844;138,00
Western and Central Europe;Sweden;Cocaine;2009;45 459;104,00
Western and Central Europe;Sweden;Cocaine;2010;48 382;111,00
Western and Central Europe;Sweden;Cocaine;2011;54 494;125,00
Western and Central Europe;Sweden;Cocaine;2012;51 620;147,00
Western and Central Europe;Sweden;Cocaine;2013;53 159;139,00
Western and Central Europe;Sweden;Cocaine;2014;43 938;127,00
Western and Central Europe;Sweden;Cocaine;2015;59 744;108,00
Western and Central Europe;Sweden;Cocaine;2016;46 860;117,00
Western and Central Europe;Sweden;Cocaine;2017;46 604;105,00
Western and Central Europe;Sweden;Cocaine;2018;40 262;115,00
Western and Central Europe;Sweden;Cocaine;2019;38 107;85,00
Western and Central Europe;Sweden;Cocaine;2020;46 060;97,54
Western and Central Europe;Sweden;Heroin;1990;140 000;225,00
Western and Central Europe;Sweden;Heroin;1991;130 000;210,00
Western and Central Europe;Sweden;Heroin;1992;115 000;195,00
Western and Central Europe;Sweden;Heroin;1993;95 000;180,00
Western and Central Europe;Sweden;Heroin;1994;117 625;165,00
Western and Central Europe;Sweden;Heroin;1995;62 655;337,00
Western and Central Europe;Sweden;Heroin;1996;64 829;346,00
Western and Central Europe;Sweden;Heroin;1997;65 771;135,00
Western and Central Europe;Sweden;Heroin;1998;63 190;130,00
Western and Central Europe;Sweden;Heroin;1999;61 022;126,00
Western and Central Europe;Sweden;Heroin;2000;41 626;113,00
Western and Central Europe;Sweden;Heroin;2001;33 702;129,00
Western and Central Europe;Sweden;Heroin;2002;34 738;133,00
Western and Central Europe;Sweden;Heroin;2003;41 900;128,00
Western and Central Europe;Sweden;Heroin;2004;31 648;119,00
Western and Central Europe;Sweden;Heroin;2005;35 970;149,00
Western and Central Europe;Sweden;Heroin;2006;35 970;138,00
Western and Central Europe;Sweden;Heroin;2007;37 059;185,00
Western and Central Europe;Sweden;Heroin;2008;38 339;234,00
Western and Central Europe;Sweden;Heroin;2009;32 471;201,00
Western and Central Europe;Sweden;Heroin;2010;41 471;214,00
Western and Central Europe;Sweden;Heroin;2011;54 494;272,00
Western and Central Europe;Sweden;Heroin;2012;44 246;306,00
Western and Central Europe;Sweden;Heroin;2013;46 225;169,00
Western and Central Europe;Sweden;Heroin;2014;41 447;127,00
Western and Central Europe;Sweden;Heroin;2015;41 447;135,00
Western and Central Europe;Sweden;Heroin;2016;41 447;117,00
Western and Central Europe;Sweden;Heroin;2017;41 447;73,00
Western and Central Europe;Sweden;Heroin;2018;41 447;89,00
Western and Central Europe;Sweden;Heroin;2019;41 447;95,00
Western and Central Europe;Sweden;Heroin;2020;37 932;86,70
Western and Central Europe;Switzerland;Cocaine;1990;63 900;178,00
Western and Central Europe;Switzerland;Cocaine;1991;94 250;144,00
Western and Central Europe;Switzerland;Cocaine;1992;116 250;188,00
Western and Central Europe;Switzerland;Cocaine;1993;50 847;136,00
Western and Central Europe;Switzerland;Cocaine;1994;72 012;146,00
Western and Central Europe;Switzerland;Cocaine;1995;75 949;148,00
Western and Central Europe;Switzerland;Cocaine;1996;51 587;127,00
Western and Central Europe;Switzerland;Cocaine;1997;40 780;117,00
Western and Central Europe;Switzerland;Cocaine;1998;41 152;110,00
Western and Central Europe;Switzerland;Cocaine;1999;41 000;109,00
Western and Central Europe;Switzerland;Cocaine;2000;35 482;77,00
Western and Central Europe;Switzerland;Cocaine;2001;23 392;69,00
Western and Central Europe;Switzerland;Cocaine;2002;19 274;74,00
Western and Central Europe;Switzerland;Cocaine;2003;37 230;89,00
Western and Central Europe;Switzerland;Cocaine;2004;44 008;86,00
Western and Central Europe;Switzerland;Cocaine;2005;44 008;86,00
Western and Central Europe;Switzerland;Cocaine;2006;41 090;74,00
Western and Central Europe;Switzerland;Cocaine;2007;44 351;75,00
Western and Central Europe;Switzerland;Cocaine;2008;49 307;65,00
Western and Central Europe;Switzerland;Cocaine;2009;50 379;82,00
Western and Central Europe;Switzerland;Cocaine;2010;52 554;96,00
Western and Central Europe;Switzerland;Cocaine;2011;58 950;102,00
Western and Central Europe;Switzerland;Cocaine;2012;55 477;96,00
Western and Central Europe;Switzerland;Cocaine;2013;58 625;99,00
Western and Central Europe;Switzerland;Cocaine;2014;52 685;78,00
Western and Central Europe;Switzerland;Cocaine;2015;52 472;78,00
Western and Central Europe;Switzerland;Cocaine;2016;52 472;78,00
Western and Central Europe;Switzerland;Cocaine;2017;52 472;78,00
Western and Central Europe;Switzerland;Cocaine;2018;52 472;78,00
Western and Central Europe;Switzerland;Cocaine;2019;52 472;78,00
Western and Central Europe;Switzerland;Cocaine;2020;52 472;78,00
Western and Central Europe;Switzerland;Heroin;1990;124 000;312,00
Western and Central Europe;Switzerland;Heroin;1991;153 800;221,00
Western and Central Europe;Switzerland;Heroin;1992;228 875;248,00
Western and Central Europe;Switzerland;Heroin;1993;47 460;126,00
Western and Central Europe;Switzerland;Heroin;1994;52 823;164,00
Western and Central Europe;Switzerland;Heroin;1995;54 850;190,00
Western and Central Europe;Switzerland;Heroin;1996;41 665;116,00
Western and Central Europe;Switzerland;Heroin;1997;37 234;81,00
Western and Central Europe;Switzerland;Heroin;1998;34 294;96,00
Western and Central Europe;Switzerland;Heroin;1999;33 422;167,00
Western and Central Europe;Switzerland;Heroin;2000;29 568;53,00
Western and Central Europe;Switzerland;Heroin;2001;16 082;45,00
Western and Central Europe;Switzerland;Heroin;2002;19 149;39,00
Western and Central Europe;Switzerland;Heroin;2003;22 340;48,00
Western and Central Europe;Switzerland;Heroin;2004;23 580;48,00
Western and Central Europe;Switzerland;Heroin;2005;25 420;48,00
Western and Central Europe;Switzerland;Heroin;2006;21 470;39,00
Western and Central Europe;Switzerland;Heroin;2007;23 180;42,00
Western and Central Europe;Switzerland;Heroin;2008;25 584;37,00
Western and Central Europe;Switzerland;Heroin;2009;25 190;46,00
Western and Central Europe;Switzerland;Heroin;2010;27 710;48,00
Western and Central Europe;Switzerland;Heroin;2011;30 609;57,00
Western and Central Europe;Switzerland;Heroin;2012;28 805;64,00
Western and Central Europe;Switzerland;Heroin;2013;30 440;68,00
Western and Central Europe;Switzerland;Heroin;2014;27 356;61,00
Western and Central Europe;Switzerland;Heroin;2015;27 245;61,00
Western and Central Europe;Switzerland;Heroin;2016;27 245;61,00
Western and Central Europe;Switzerland;Heroin;2017;27 245;61,00
Western and Central Europe;Switzerland;Heroin;2018;27 245;61,00
Western and Central Europe;Switzerland;Heroin;2019;27 245;61,00
Western and Central Europe;Switzerland;Heroin;2020;27 245;61,00
Western and Central Europe;United Kingdom;Cocaine;1990;47 850;131,00
Western and Central Europe;United Kingdom;Cocaine;1991;46 475;127,00
Western and Central Europe;United Kingdom;Cocaine;1992;20 625;69,00
Western and Central Europe;United Kingdom;Cocaine;1993;43 210;123,00
Western and Central Europe;United Kingdom;Cocaine;1994;45 000;113,00
Western and Central Europe;United Kingdom;Cocaine;1995;46 774;111,00
Western and Central Europe;United Kingdom;Cocaine;1996;40 625;102,00
Western and Central Europe;United Kingdom;Cocaine;1997;47 500;124,00
Western and Central Europe;United Kingdom;Cocaine;1998;47 500;128,00
Western and Central Europe;United Kingdom;Cocaine;1999;33 981;104,00
Western and Central Europe;United Kingdom;Cocaine;2000;38 168;94,00
Western and Central Europe;United Kingdom;Cocaine;2001;36 008;94,00
Western and Central Europe;United Kingdom;Cocaine;2002;35 848;84,00
Western and Central Europe;United Kingdom;Cocaine;2003;40 880;90,00
Western and Central Europe;United Kingdom;Cocaine;2004;50 036;91,00
Western and Central Europe;United Kingdom;Cocaine;2005;50 036;79,00
Western and Central Europe;United Kingdom;Cocaine;2006;50 943;87,00
Western and Central Europe;United Kingdom;Cocaine;2007;60 362;91,00
Western and Central Europe;United Kingdom;Cocaine;2008;64 682;74,00
Western and Central Europe;United Kingdom;Cocaine;2009;76 963;62,00
Western and Central Europe;United Kingdom;Cocaine;2010;76 897;62,00
Western and Central Europe;United Kingdom;Cocaine;2011;80 334;64,00
Western and Central Europe;United Kingdom;Cocaine;2012;79 132;63,00
Western and Central Europe;United Kingdom;Cocaine;2013;66 907;67,00
Western and Central Europe;United Kingdom;Cocaine;2014;62 112;62,00
Western and Central Europe;United Kingdom;Cocaine;2015;57 778;59,00
Western and Central Europe;United Kingdom;Cocaine;2016;44 715;54,00
Western and Central Europe;United Kingdom;Cocaine;2017;35 990;103,00
Western and Central Europe;United Kingdom;Cocaine;2018;46 729;107,00
Western and Central Europe;United Kingdom;Cocaine;2019;44 529;127,00
Western and Central Europe;United Kingdom;Cocaine;2020;51 414;102,83
Western and Central Europe;United Kingdom;Heroin;1990;53 940;157,00
Western and Central Europe;United Kingdom;Heroin;1991;43 940;144,00
Western and Central Europe;United Kingdom;Heroin;1992;43 500;144,00
Western and Central Europe;United Kingdom;Heroin;1993;43 210;134,00
Western and Central Europe;United Kingdom;Heroin;1994;42 500;129,00
Western and Central Europe;United Kingdom;Heroin;1995;42 004;125,00
Western and Central Europe;United Kingdom;Heroin;1996;34 846;108,00
Western and Central Europe;United Kingdom;Heroin;1997;39 491;118,00
Western and Central Europe;United Kingdom;Heroin;1998;41 667;120,00
Western and Central Europe;United Kingdom;Heroin;1999;29 126;108,00
Western and Central Europe;United Kingdom;Heroin;2000;26 718;107,00
Western and Central Europe;United Kingdom;Heroin;2001;25 926;86,00
Western and Central Europe;United Kingdom;Heroin;2002;30 620;91,00
Western and Central Europe;United Kingdom;Heroin;2003;34 340;100,00
Western and Central Europe;United Kingdom;Heroin;2004;39 041;110,00
Western and Central Europe;United Kingdom;Heroin;2005;33 249;93,00
Western and Central Europe;United Kingdom;Heroin;2006;28 320;71,00
Western and Central Europe;United Kingdom;Heroin;2007;27 163;101,00
Western and Central Europe;United Kingdom;Heroin;2008;29 569;83,00
Western and Central Europe;United Kingdom;Heroin;2009;24 628;69,00
Western and Central Europe;United Kingdom;Heroin;2010;32 297;62,00
Western and Central Europe;United Kingdom;Heroin;2011;40 167;64,00
Western and Central Europe;United Kingdom;Heroin;2012;47 479;63,00
Western and Central Europe;United Kingdom;Heroin;2013;46 835;63,00
Western and Central Europe;United Kingdom;Heroin;2014;41 925;78,00
Western and Central Europe;United Kingdom;Heroin;2015;40 000;59,00
Western and Central Europe;United Kingdom;Heroin;2016;31 165;68,00
Western and Central Europe;United Kingdom;Heroin;2017;32 134;64,00
Western and Central Europe;United Kingdom;Heroin;2018;22 697;53,00
Western and Central Europe;United Kingdom;Heroin;2019;22 901;64,00
Western and Central Europe;United Kingdom;Heroin;2020;25 707;64,00
